benchmark, task_name, num_objectFIFO, num_unicast_objectFIFO, num_multicast_objectFIFO, num_objectFIFO_link, avg_runtime [us], num_neighbour_sharing_objectFIFO, num_circuit_switch_objectFIFO, total_num_circuit_switch_tracks, largest_circuit_switch_net, smallest_circuit_switch_net, avg_track_per_circuit_switch_net, longest_circuit_switch_path, shortest_circuit_switch_path, total_num_dma_ports, total_num_dma_in_ports, total_num_dma_out_ports, total_buffer_size [bytes], total_buffer_size_on_mem [bytes], avg_buffer_size_on_mem [bytes], total_buffer_size_on_compute [bytes], avg_buffer_size_on_compute [bytes]
ResNet, default, 28, 19, 9, 6, 2792.00, 6, 22, 61, 5, 1, 2.77, 5, 1, 53, 31, 22, 807296, 286720, 95573.33, 520576, 43381.33
GEMM, GEMM_R6_C1, 12, 11, 1, 3, 1447.00, 0, 12, 27, 4, 1, 2.25, 4, 1, 27, 15, 12, 59392, 26624, 26624.00, 32768, 8192.00
GEMM, GEMM_R6_C2, 20, 14, 6, 6, 416.00, 0, 20, 52, 7, 1, 2.60, 4, 1, 50, 30, 20, 110592, 45056, 22528.00, 65536, 8192.00
GEMM, GEMM_R6_C4, 36, 28, 8, 12, 230.00, 0, 36, 101, 11, 1, 2.81, 4, 1, 96, 60, 36, 212992, 81920, 20480.00, 131072, 8192.00
GEMM, GEMM_R6_C8, 64, 52, 12, 20, 195.00, 0, 64, 199, 22, 1, 3.11, 8, 1, 180, 116, 64, 417792, 155648, 19456.00, 262144, 8192.00
microbenchmark, 2d_mesh_R3_C1, 4, 4, 0, 2, 67.00, 0, 4, 4, 1, 1, 1.00, 1, 1, 8, 4, 4, 56, 40, 40.00, 16, 16.00
microbenchmark, 2d_mesh_R3_C2, 9, 9, 0, 4, 72.00, 1, 8, 10, 2, 1, 1.25, 2, 1, 16, 8, 8, 132, 80, 80.00, 52, 26.00
microbenchmark, 2d_mesh_R4_C1, 5, 5, 0, 2, 67.00, 1, 4, 5, 2, 1, 1.25, 2, 1, 8, 4, 4, 76, 40, 40.00, 36, 18.00
microbenchmark, 2d_mesh_R4_C2, 12, 12, 0, 4, 70.00, 2, 10, 18, 4, 1, 1.80, 4, 1, 20, 10, 10, 184, 80, 80.00, 104, 26.00
microbenchmark, 2d_mesh_R4_C3, 19, 19, 0, 6, 76.00, 2, 17, 34, 4, 1, 2.00, 4, 1, 34, 17, 17, 288, 120, 60.00, 168, 28.00
microbenchmark, 2d_mesh_R5_C1, 6, 6, 0, 2, 66.00, 1, 5, 9, 3, 1, 1.80, 3, 1, 10, 5, 5, 92, 40, 40.00, 52, 17.33
microbenchmark, 2d_mesh_R5_C2, 15, 15, 0, 4, 70.00, 1, 14, 30, 4, 1, 2.14, 4, 1, 28, 14, 14, 228, 80, 40.00, 148, 24.67
microbenchmark, 2d_mesh_R6_C1, 7, 7, 0, 2, 68.00, 2, 5, 12, 4, 1, 2.40, 4, 1, 10, 5, 5, 112, 40, 40.00, 72, 18.00
microbenchmark, 2d_mesh_R6_C2, 18, 18, 0, 4, 71.00, 2, 16, 38, 5, 1, 2.38, 5, 1, 32, 16, 16, 280, 80, 40.00, 200, 25.00
microbenchmark, line_R3_C1, 4, 4, 0, 2, 84.00, 0, 4, 4, 1, 1, 1.00, 1, 1, 8, 4, 4, 56, 40, 40.00, 16, 16.00
microbenchmark, line_R3_C2, 8, 8, 0, 4, 80.00, 0, 8, 10, 2, 1, 1.25, 2, 1, 16, 8, 8, 112, 80, 80.00, 32, 16.00
microbenchmark, line_R4_C1, 5, 5, 0, 2, 67.00, 1, 4, 5, 2, 1, 1.25, 2, 1, 8, 4, 4, 76, 40, 40.00, 36, 18.00
microbenchmark, line_R4_C2, 10, 10, 0, 4, 81.00, 2, 8, 14, 4, 1, 1.75, 4, 1, 16, 8, 8, 152, 80, 80.00, 72, 18.00
microbenchmark, line_R5_C1, 6, 6, 0, 2, 67.00, 1, 5, 7, 2, 1, 1.40, 2, 1, 10, 5, 5, 92, 40, 40.00, 52, 17.33
microbenchmark, line_R5_C2, 12, 12, 0, 4, 71.00, 1, 11, 21, 3, 1, 1.91, 3, 1, 22, 11, 11, 180, 80, 40.00, 100, 16.67
microbenchmark, line_R5_C3, 18, 18, 0, 6, 76.00, 2, 16, 38, 4, 1, 2.38, 4, 1, 32, 16, 16, 272, 120, 40.00, 152, 16.89
microbenchmark, line_R6_C1, 7, 7, 0, 2, 67.00, 3, 4, 7, 4, 1, 1.75, 4, 1, 8, 4, 4, 116, 40, 40.00, 76, 19.00
microbenchmark, line_R6_C2, 14, 14, 0, 4, 70.00, 4, 10, 18, 3, 1, 1.80, 3, 1, 20, 10, 10, 224, 80, 40.00, 144, 18.00
microbenchmark, line_R6_C3, 21, 21, 0, 6, 75.00, 1, 20, 51, 4, 1, 2.55, 4, 1, 40, 20, 20, 316, 120, 40.00, 196, 16.33
microbenchmark, single_multicast, 7, 6, 1, 3, 72.00, 0, 7, 11, 3, 1, 1.57, 3, 1, 15, 8, 7, 108, 60, 60.00, 48, 16.00
microbenchmark, tree_R3_C1, 4, 4, 0, 2, 67.00, 0, 4, 4, 1, 1, 1.00, 1, 1, 8, 4, 4, 56, 40, 40.00, 16, 16.00
microbenchmark, tree_R3_C2, 5, 5, 0, 2, 67.00, 1, 4, 5, 2, 1, 1.25, 2, 1, 8, 4, 4, 76, 40, 40.00, 36, 18.00
microbenchmark, tree_R3_C3, 8, 8, 0, 3, 80.00, 1, 7, 11, 3, 1, 1.57, 3, 1, 14, 7, 7, 120, 60, 60.00, 60, 20.00
microbenchmark, tree_R3_C4, 9, 9, 0, 3, 71.00, 1, 8, 16, 4, 1, 2.00, 4, 1, 16, 8, 8, 136, 60, 60.00, 76, 19.00
microbenchmark, tree_R3_C5, 12, 12, 0, 4, 73.00, 2, 10, 19, 4, 1, 1.90, 4, 1, 20, 10, 10, 184, 80, 40.00, 104, 20.80
microbenchmark, tree_R3_C6, 13, 13, 0, 4, 79.00, 1, 12, 23, 4, 1, 1.92, 4, 1, 24, 12, 12, 196, 80, 80.00, 116, 19.33
microbenchmark, tree_R3_C7, 16, 16, 0, 5, 78.00, 4, 12, 23, 4, 1, 1.92, 4, 1, 24, 12, 12, 252, 100, 50.00, 152, 21.71
microbenchmark, tree_R3_C8, 17, 17, 0, 5, 76.00, 2, 15, 34, 5, 1, 2.27, 5, 1, 30, 15, 15, 260, 100, 50.00, 160, 20.00
microbenchmark, tree_R4_C1, 5, 5, 0, 2, 67.00, 1, 4, 5, 2, 1, 1.25, 2, 1, 8, 4, 4, 76, 40, 40.00, 36, 18.00
microbenchmark, tree_R4_C2, 9, 9, 0, 3, 79.00, 3, 6, 11, 4, 1, 1.83, 4, 1, 12, 6, 6, 144, 60, 60.00, 84, 21.00
microbenchmark, tree_R4_C3, 13, 13, 0, 4, 73.00, 3, 10, 18, 4, 1, 1.80, 4, 1, 20, 10, 10, 204, 80, 80.00, 124, 20.67
microbenchmark, tree_R4_C4, 17, 17, 0, 5, 86.00, 4, 13, 27, 4, 1, 2.08, 4, 1, 26, 13, 13, 268, 100, 50.00, 168, 21.00
microbenchmark, tree_R4_C5, 21, 21, 0, 6, 78.00, 4, 17, 42, 4, 1, 2.47, 4, 1, 34, 17, 17, 328, 120, 40.00, 208, 20.80
microbenchmark, tree_R4_C6, 25, 25, 0, 7, 81.00, 2, 23, 55, 4, 1, 2.39, 4, 1, 46, 23, 23, 380, 140, 46.67, 240, 20.00
microbenchmark, tree_R4_C7, 29, 29, 0, 8, 85.00, 3, 26, 73, 5, 1, 2.81, 5, 1, 52, 26, 26, 444, 160, 40.00, 284, 20.29
microbenchmark, tree_R4_C8, 33, 33, 0, 9, 86.00, 0, 33, 93, 7, 1, 2.82, 7, 1, 66, 33, 33, 492, 180, 45.00, 312, 19.50
microbenchmark, tree_R5_C1, 8, 8, 0, 3, 72.00, 2, 6, 9, 3, 1, 1.50, 3, 1, 12, 6, 6, 124, 60, 60.00, 64, 21.33
microbenchmark, tree_R5_C2, 13, 13, 0, 4, 72.00, 2, 11, 21, 4, 1, 1.91, 4, 1, 22, 11, 11, 200, 80, 40.00, 120, 20.00
microbenchmark, tree_R5_C3, 20, 20, 0, 6, 79.00, 2, 18, 34, 4, 1, 1.89, 4, 1, 36, 18, 18, 304, 120, 40.00, 184, 20.44
microbenchmark, tree_R5_C4, 25, 25, 0, 7, 97.00, 1, 24, 64, 4, 1, 2.67, 4, 1, 48, 24, 24, 376, 140, 46.67, 236, 19.67
microbenchmark, tree_R5_C5, 32, 32, 0, 9, 83.00, 1, 31, 81, 6, 1, 2.61, 6, 1, 62, 31, 31, 480, 180, 45.00, 300, 20.00
microbenchmark, tree_R5_C6, 37, 37, 0, 10, 86.00, 4, 33, 80, 5, 1, 2.42, 5, 1, 66, 33, 33, 568, 200, 40.00, 368, 20.44
microbenchmark, tree_R5_C7, 44, 44, 0, 12, 90.00, 7, 37, 119, 7, 1, 3.22, 7, 1, 74, 37, 37, 684, 240, 48.00, 444, 21.14
microbenchmark, tree_R5_C8, 49, 49, 0, 13, 93.00, 5, 44, 145, 7, 1, 3.30, 7, 1, 88, 44, 44, 752, 260, 43.33, 492, 20.50
microbenchmark, tree_R6_C1, 9, 9, 0, 3, 71.00, 1, 8, 14, 4, 1, 1.75, 4, 1, 16, 8, 8, 136, 60, 60.00, 76, 19.00
microbenchmark, tree_R6_C2, 17, 17, 0, 5, 79.00, 5, 12, 25, 5, 1, 2.08, 5, 1, 24, 12, 12, 272, 100, 50.00, 172, 21.50
microbenchmark, tree_R6_C3, 25, 25, 0, 7, 96.00, 4, 21, 52, 5, 1, 2.48, 5, 1, 42, 21, 21, 388, 140, 70.00, 248, 20.67
microbenchmark, tree_R6_C4, 33, 33, 0, 9, 92.00, 2, 31, 92, 7, 1, 2.97, 7, 1, 62, 31, 31, 500, 180, 45.00, 320, 20.00
microbenchmark, tree_R6_C5, 41, 41, 0, 11, 96.00, 4, 37, 107, 7, 1, 2.89, 7, 1, 74, 37, 37, 628, 220, 44.00, 408, 20.40
microbenchmark, tree_R6_C6, 49, 49, 0, 13, 94.00, 3, 46, 157, 8, 1, 3.41, 8, 1, 92, 46, 46, 744, 260, 43.33, 484, 20.17
microbenchmark, tree_R6_C7, 57, 57, 0, 15, 99.00, 3, 54, 182, 8, 1, 3.37, 8, 1, 108, 54, 54, 864, 300, 42.86, 564, 20.14
microbenchmark, tree_R6_C8, 65, 65, 0, 17, 111.00, 6, 59, 252, 9, 1, 4.27, 9, 1, 118, 59, 59, 996, 340, 42.50, 656, 20.50
edge_detection, col_1, 8, 7, 1, 2, 3988.00, 2, 5, 16, 4, 1, 3.20, 4, 1, 11, 6, 5, 142080, 69120, 69120.00, 72960, 18240.00
edge_detection, col_2, 16, 14, 2, 4, 14931.00, 2, 12, 36, 7, 1, 3.00, 5, 1, 26, 14, 12, 291840, 138240, 138240.00, 153600, 19200.00
edge_detection, col_3, 24, 21, 3, 6, N/A, 4, 17, 51, 6, 1, 3.00, 4, 1, 37, 20, 17, 433920, 207360, 103680.00, 226560, 18880.00
edge_detection, col_4, 32, 28, 4, 8, 57216.00, 3, 25, 79, 8, 1, 3.16, 5, 1, 54, 29, 25, 587520, 276480, 92160.00, 311040, 19440.00
edge_detection, col_5, 40, 35, 5, 10, 88939.00, 4, 31, 113, 7, 1, 3.65, 6, 1, 67, 36, 31, 733440, 345600, 86400.00, 387840, 19392.00
edge_detection, col_8, 64, 56, 8, 16, N/A, 4, 52, 209, 8, 1, 4.02, 8, 1, 112, 60, 52, 1182720, 552960, 92160.00, 629760, 19680.00
